{
"header":"./md/header",
"footer":"./md/footer",
"home":"./md/home",

"mikhmon-v3":"./md/mikhmonv3",
"mikhmon-v3-fitur":"./md/fitur-mikhmonv3",
"mikhmon-v3-download":"./md/download-mikhmonv3",
"mikhmon-v3-voucher":"./md/voucher-mikhmonv3",
"mikhmon-v3-tutorial":"./md/tutorial-mikhmonv3",
"mikhmon-v3-changelog":"https://raw.githubusercontent.com/laksa19/mikhmonv3/master/README.md",


"mikhmon-v4-beta1":"./md/mikhmonv4b1",

"myqr":"./md/myqr",
"templatehotspot":"https://raw.githubusercontent.com/laksa19/template-hotspot-mikhmon/master/README.md",
"new-hotspot":"./md/new-hotspot",

"blog":"./md/blog",
"blog-set-date-time":"./md/blog/set-date-time",
"blog-hotspot-users-missing":"./md/blog/hotspot-users-missing",
  
"jasa-setting-mikrotik":"./md/jasa-setting-mikrotik",  

"faq":"./md/faq",
"about":"./md/about",
"404":"./md/404"
}
